date,sp500,dividend,earnings,cpi,long_rate,real_price,pe10
1980-01-01,110.9,5.7,15.0033,77.8,10.8,436.37,8.85
1980-02-01,115.3,5.75,15.1467,78.9,12.41,447.36,9.05
1980-03-01,104.7,5.8,15.29,80.1,12.75,400.14,8.08
1980-04-01,103.0,5.84667,15.1733,81.0,11.47,389.27,7.84
1980-05-01,107.7,5.89333,15.0567,81.8,10.18,403.06,8.1
1980-06-01,114.6,5.94,14.94,82.7,9.78,424.21,8.51
1980-07-01,119.8,5.98333,14.84,82.7,10.25,443.46,8.88
1980-08-01,123.5,6.02667,14.74,83.3,11.1,453.86,9.07
1980-09-01,126.5,6.07,14.64,84.0,11.51,461.01,9.2
1980-10-01,130.2,6.1,14.7,84.8,11.75,470.02,9.36
1980-11-01,135.7,6.13,14.76,85.5,12.68,485.87,9.65
1980-12-01,133.5,6.16,14.82,86.3,12.84,473.56,9.39
1981-01-01,133.0,6.2,14.74,87.0,12.57,467.99,9.26
1981-02-01,128.4,6.24,14.66,87.9,13.19,447.18,8.83
1981-03-01,133.2,6.28,14.58,88.5,13.12,460.75,9.08
1981-04-01,134.4,6.31667,14.7233,89.1,13.68,461.77,9.09
1981-05-01,131.7,6.35333,14.8667,89.8,14.1,448.96,8.82
1981-06-01,132.3,6.39,15.01,90.6,13.47,447.03,8.77
1981-07-01,129.1,6.43333,15.0967,91.6,14.28,431.45,8.45
1981-08-01,129.6,6.47667,15.1833,92.3,14.94,429.84,8.4
1981-09-01,118.3,6.52,15.27,93.2,15.32,388.57,7.58
1981-10-01,119.8,6.55667,15.3,93.4,15.15,392.66,7.65
1981-11-01,122.9,6.59333,15.33,93.7,13.39,401.53,7.81
1981-12-01,123.8,6.63,15.36,94.0,13.72,403.18,7.83
1982-01-01,117.3,6.66,15.1767,94.3,14.59,380.79,7.39
1982-02-01,114.5,6.69,14.9933,94.6,14.43,370.52,7.18
1982-03-01,110.8,6.72,14.81,94.5,13.86,358.93,6.95
1982-04-01,116.3,6.75,14.5967,94.9,13.87,375.16,7.26
1982-05-01,116.4,6.78,14.3833,95.8,13.62,371.95,7.19
1982-06-01,109.7,6.81,14.17,97.0,14.3,346.21,6.69
1982-07-01,109.4,6.82333,13.9667,97.5,13.95,343.49,6.64
1982-08-01,109.7,6.83667,13.7633,97.7,13.06,343.73,6.64
1982-09-01,122.4,6.85,13.56,97.9,12.34,382.74,7.4
1982-10-01,132.7,6.85667,13.2533,98.2,10.91,413.68,8.0
1982-11-01,138.1,6.86333,12.9467,98.0,10.55,431.39,8.35
1982-12-01,139.4,6.87,12.64,97.6,10.54,437.24,8.47
1983-01-01,144.3,6.88333,12.5667,97.8,10.46,451.68,8.76
1983-02-01,146.8,6.89667,12.4933,97.9,10.72,459.03,8.91
1983-03-01,151.9,6.91,12.42,97.9,10.51,474.98,9.23
1983-04-01,157.7,6.92,12.4767,98.6,10.4,489.62,9.53
1983-05-01,164.1,6.93,12.5333,99.2,10.38,506.41,9.87
1983-06-01,166.4,6.94,12.59,99.5,10.85,511.96,10.0
1983-07-01,167.0,6.96,12.8267,99.9,11.38,511.74,10.01
1983-08-01,162.4,6.98,13.0633,100.2,11.85,496.16,9.73
1983-09-01,167.2,7.0,13.3,100.7,11.65,508.29,9.98
1983-10-01,167.7,7.03,13.5433,101.0,11.54,508.29,10.0
1983-11-01,165.2,7.06,13.7867,101.2,11.69,499.73,9.85
1983-12-01,164.4,7.09,14.03,101.3,11.83,496.82,9.82
1984-01-01,166.4,7.12,14.44,101.9,11.67,499.9,9.89
1984-02-01,157.3,7.15,14.85,102.4,11.84,470.25,9.32
1984-03-01,157.4,7.18,15.26,102.6,12.32,469.63,9.33
1984-04-01,157.6,7.22333,15.5733,103.1,12.63,467.95,9.31
1984-05-01,156.6,7.26667,15.8867,103.4,13.41,463.63,9.23
1984-06-01,153.1,7.31,16.2,103.7,13.56,451.96,9.01
1984-07-01,151.1,7.33333,16.32,104.1,13.36,444.34,8.87
1984-08-01,164.4,7.35667,16.44,104.5,12.72,481.6,9.62
1984-09-01,166.1,7.38,16.56,105.0,12.52,484.26,9.69
1984-10-01,164.8,7.43,16.5867,105.3,12.16,479.11,9.6
1984-11-01,166.3,7.48,16.6133,105.3,11.57,483.47,9.69
1984-12-01,164.5,7.53,16.64,105.3,11.5,478.23,9.6
1985-01-01,171.6,7.57333,16.5567,105.5,11.38,497.93,10.0
1985-02-01,180.9,7.61667,16.4733,106.0,11.51,522.44,10.49
1985-03-01,179.4,7.66,16.39,106.4,11.86,516.16,10.37
1985-04-01,180.6,7.68667,16.13,106.9,11.43,517.18,10.4
1985-05-01,184.9,7.71333,15.87,107.3,10.85,527.52,10.61
1985-06-01,188.9,7.74,15.61,107.6,10.16,537.43,10.81
1985-07-01,192.5,7.77333,15.4833,107.8,10.31,546.66,11.0
1985-08-01,188.3,7.80667,15.3567,108.0,10.33,533.74,10.74
1985-09-01,184.1,7.84,15.23,108.3,10.37,520.39,10.47
1985-10-01,186.2,7.86,15.0233,108.7,10.24,524.39,10.55
1985-11-01,197.5,7.88,14.8167,109.0,9.78,554.68,11.16
1985-12-01,207.3,7.9,14.61,109.3,9.26,580.61,11.69
1986-01-01,208.2,7.94,14.58,109.6,9.19,581.53,11.72
1986-02-01,219.4,7.98,14.55,109.3,8.7,614.5,12.39
1986-03-01,232.3,8.02,14.52,108.8,7.78,653.62,13.19
1986-04-01,238.0,8.04667,14.5833,108.6,7.3,670.89,13.55
1986-05-01,238.5,8.07333,14.6467,108.9,7.71,670.44,13.56
1986-06-01,245.3,8.1,14.71,109.5,7.8,685.78,13.89
1986-07-01,240.2,8.14333,14.7567,109.5,7.3,671.52,13.62
1986-08-01,245.0,8.18667,14.8033,109.7,7.17,683.69,13.89
1986-09-01,238.3,8.23,14.85,110.2,7.45,661.98,13.47
1986-10-01,237.4,8.24667,14.7267,110.3,7.43,658.88,13.43
1986-11-01,245.1,8.26333,14.6033,110.4,7.25,679.64,13.87
1986-12-01,248.6,8.28,14.48,110.5,7.11,688.72,14.09
1987-01-01,264.5,8.3,14.6867,111.2,7.08,728.15,14.92
1987-02-01,280.9,8.32,14.8933,111.6,7.25,770.53,15.82
1987-03-01,292.5,8.34,15.1,112.1,7.25,798.77,16.43
1987-04-01,289.3,8.4,14.8733,112.7,8.02,785.83,16.2
1987-05-01,289.1,8.46,14.6467,113.1,8.61,782.51,16.16
1987-06-01,301.4,8.52,14.42,113.5,8.4,812.92,16.83
1987-07-01,310.1,8.56667,14.9,113.8,8.45,834.18,17.31
1987-08-01,329.4,8.61333,15.38,114.4,8.76,881.45,18.33
1987-09-01,318.7,8.66,15.86,115.0,9.42,848.37,17.68
1987-10-01,280.2,8.71,16.4067,115.3,9.52,743.95,15.53
1987-11-01,245.0,8.76,16.9533,115.4,8.86,649.92,13.59
1987-12-01,241.0,8.81,17.5,115.4,8.99,639.31,13.39
1988-01-01,250.5,8.85667,17.8633,115.7,8.67,662.79,13.9
1988-02-01,258.1,8.90333,18.2267,116.0,8.21,681.13,14.3
1988-03-01,265.7,8.95,18.59,116.5,8.37,698.18,14.67
1988-04-01,262.6,9.04333,19.6167,117.1,8.72,686.5,14.43
1988-05-01,256.1,9.13667,20.6433,117.5,9.09,667.23,14.03
1988-06-01,270.7,9.23,21.67,118.0,8.92,702.28,14.77
1988-07-01,269.1,9.30667,22.0233,118.5,9.06,695.18,14.61
1988-08-01,263.7,9.38333,22.3767,119.0,9.26,678.37,14.24
1988-09-01,268.0,9.46,22.73,119.8,8.98,684.83,14.37
1988-10-01,277.4,9.55,23.0733,120.2,8.8,706.49,14.81
1988-11-01,271.0,9.64,23.4167,120.3,8.96,689.61,14.45
1988-12-01,276.5,9.75,23.75,120.5,9.11,702.44,14.7
1989-01-01,285.4,9.81333,24.16,121.1,9.09,721.46,15.09
1989-02-01,294.0,9.89667,24.56,121.6,9.17,740.14,15.47
1989-03-01,292.7,10.01,24.96,122.3,9.36,732.65,15.3
1989-04-01,302.3,10.0867,25.0467,123.1,9.18,751.77,15.69
1989-05-01,313.9,10.1933,25.1333,123.8,8.86,776.2,16.19
1989-06-01,323.7,10.37,25.22,124.1,8.28,798.5,16.64
1989-07-01,331.9,10.4233,24.71,124.4,8.02,816.75,17.01
1989-08-01,346.6,10.5467,24.2,124.6,8.11,851.56,17.73
1989-09-01,347.3,10.73,23.69,125.0,8.19,850.54,17.71
1989-10-01,347.4,10.7967,23.4267,125.6,8.01,846.73,17.64
1989-11-01,340.2,10.9233,23.1633,125.9,7.87,827.2,17.24
1989-12-01,348.6,11.06,22.87,126.1,7.84,846.28,17.65
1990-01-01,339.97,11.14,22.49,127.4,8.21,816.91,17.05
1990-02-01,330.45,11.23,22.08,128.0,8.47,790.31,16.51
1990-03-01,338.46,11.32,21.67,128.7,8.59,805.07,16.83
1990-04-01,338.18,11.4367,21.5333,128.9,8.79,803.15,16.81
1990-05-01,350.25,11.5533,21.3967,129.2,8.76,829.89,17.39
1990-06-01,360.39,11.66,21.26,129.9,8.48,849.31,17.82
1990-07-01,360.03,11.7267,21.42,130.4,8.47,845.21,17.75
1990-08-01,330.75,11.7833,21.58,131.6,8.75,769.39,16.17
1990-09-01,315.41,11.83,21.74,132.7,8.89,727.62,15.3
1990-10-01,307.12,11.9267,21.6067,133.5,8.72,704.25,14.82
1990-11-01,315.29,12.0133,21.4733,133.8,8.39,721.37,15.19
1990-12-01,328.75,12.09,21.34,133.8,8.08,752.16,15.85
1991-01-01,325.49,12.1067,21.1833,134.6,8.09,740.28,15.61
1991-02-01,362.26,12.1133,21.0267,134.8,7.85,822.68,17.35
1991-03-01,372.28,12.11,20.94,135.0,8.11,844.19,17.82
1991-04-01,379.68,12.13,20.3633,135.2,8.04,859.69,18.16
1991-05-01,377.99,12.14,19.8567,135.6,8.07,853.34,18.04
1991-06-01,378.29,12.15,19.41,136.0,8.28,851.51,18.02
1991-07-01,380.23,12.1933,18.84,136.2,8.27,854.62,18.1
1991-08-01,389.4,12.2367,18.33,136.6,7.9,872.67,18.51
1991-09-01,387.2,12.28,17.82,137.2,7.65,863.94,18.36
1991-10-01,386.88,12.2533,17.2033,137.4,7.53,861.97,18.35
1991-11-01,385.92,12.2267,16.5867,137.8,7.42,857.33,18.29
1991-12-01,388.51,12.2,15.97,137.9,7.09,862.46,18.44
1992-01-01,416.08,12.24,16.0467,138.1,7.03,922.33,19.77
1992-02-01,412.56,12.28,16.1233,138.6,7.34,911.23,19.58
1992-03-01,407.36,12.32,16.19,139.3,7.54,895.22,19.28
1992-04-01,407.41,12.32,16.4833,139.5,7.48,894.05,19.3
1992-05-01,414.81,12.32,16.7667,139.7,7.39,908.98,19.66
1992-06-01,408.27,12.32,17.05,140.2,7.26,891.46,19.32
1992-07-01,415.05,12.3433,17.38,140.5,6.84,904.33,19.62
1992-08-01,417.93,12.3667,17.71,140.9,6.59,908.02,19.72
1992-09-01,418.48,12.4,18.04,141.3,6.42,906.64,19.71
1992-10-01,412.5,12.3867,18.39,141.8,6.59,890.53,19.37
1992-11-01,422.84,12.3833,18.74,142.0,6.87,911.57,19.83
1992-12-01,435.64,12.39,19.09,141.9,6.77,939.83,20.45
1993-01-01,435.23,12.4133,19.34,142.6,6.6,934.33,20.32
1993-02-01,441.7,12.4467,19.59,143.1,6.26,944.91,20.55
1993-03-01,450.16,12.48,19.84,143.6,5.98,959.65,20.86
1993-04-01,443.08,12.4933,19.67,144.0,5.97,941.94,20.46
1993-05-01,445.25,12.5067,19.5,144.2,6.04,945.24,20.52
1993-06-01,448.06,12.52,19.33,144.4,5.96,949.89,20.61
1993-07-01,447.29,12.52,19.69,144.4,5.81,948.25,20.56
1993-08-01,454.13,12.52,20.05,144.8,5.68,960.09,20.81
1993-09-01,459.24,12.52,20.41,145.1,5.36,968.89,20.99
1993-10-01,463.9,12.54,20.9,145.7,5.33,974.69,21.11
1993-11-01,462.89,12.56,21.39,145.8,5.72,971.9,21.04
1993-12-01,465.95,12.58,21.89,145.8,5.77,978.33,21.16
1994-01-01,472.99,12.6233,22.1567,146.2,5.75,990.39,21.41
1994-02-01,471.58,12.6667,22.4333,146.7,5.97,984.07,21.26
1994-03-01,463.81,12.71,22.71,147.2,6.48,964.57,20.83
1994-04-01,447.23,12.7533,23.54,147.4,6.97,928.83,20.06
1994-05-01,450.9,12.7967,24.37,147.5,7.18,935.82,20.2
1994-06-01,454.83,12.84,25.2,148.0,7.1,940.78,20.29
1994-07-01,451.4,12.87,25.91,148.4,7.3,931.17,20.07
1994-08-01,464.24,12.9,26.62,149.0,7.24,953.8,20.54
1994-09-01,466.96,12.92,27.33,149.4,7.46,956.82,20.58
1994-10-01,463.81,13.0133,28.42,149.5,7.74,949.73,20.4
1994-11-01,461.01,13.0967,29.51,149.7,7.96,942.74,20.21
1994-12-01,455.19,13.17,30.6,149.7,7.81,930.84,19.91
1995-01-01,465.25,13.18,31.25,150.3,7.78,947.61,20.22
1995-02-01,481.92,13.18,31.9,150.9,7.47,977.66,20.8
1995-03-01,493.15,13.17,32.55,151.4,7.2,997.14,21.15
1995-04-01,507.91,13.2433,33.1767,151.9,7.06,1023.6,21.64
1995-05-01,523.81,13.3067,33.8033,152.2,6.63,1053.57,22.2
1995-06-01,539.35,13.36,34.43,152.5,6.17,1082.69,22.72
1995-07-01,557.37,13.44,34.68,152.5,6.28,1118.86,23.38
1995-08-01,559.11,13.51,34.93,152.9,6.49,1119.42,23.28
1995-09-01,578.77,13.58,35.18,153.2,6.2,1156.51,23.95
1995-10-01,582.92,13.65,34.7733,153.7,6.04,1161.01,23.93
1995-11-01,595.53,13.72,34.3667,153.6,5.93,1186.9,24.35
1995-12-01,614.57,13.79,33.96,153.5,5.71,1225.65,25.03
1996-01-01,614.42,13.8933,33.9867,154.4,5.65,1218.21,24.76
1996-02-01,649.54,13.9967,34.0133,154.9,5.81,1283.68,25.98
1996-03-01,647.07,14.1,34.04,155.7,6.27,1272.23,25.63
1996-04-01,647.17,14.1567,34.33,156.3,6.51,1267.54,25.42
1996-05-01,661.23,14.2133,34.62,156.6,6.74,1292.6,25.81
1996-06-01,668.5,14.27,34.91,156.7,6.91,1305.97,25.97
1996-07-01,644.07,14.4,35.2733,157.0,6.87,1255.84,24.86
1996-08-01,662.68,14.53,35.6367,157.3,6.64,1289.67,25.41
1996-09-01,674.88,14.66,36.0,157.8,6.83,1309.25,25.68
1996-10-01,701.46,14.74,36.91,158.3,6.53,1356.51,26.48
1996-11-01,735.67,14.82,37.82,158.6,6.2,1419.98,27.59
1996-12-01,743.25,14.9,38.73,158.6,6.3,1434.61,27.72
1997-01-01,766.22,14.9533,39.2333,159.1,6.58,1474.3,28.33
1997-02-01,798.39,15.0067,39.7367,159.6,6.42,1531.39,29.27
1997-03-01,792.16,15.06,40.24,160.0,6.69,1515.64,28.8
1997-04-01,763.93,15.0933,40.3433,160.2,6.89,1459.8,27.59
1997-05-01,833.09,15.1267,40.4467,160.1,6.71,1592.95,29.93
1997-06-01,876.29,15.16,40.55,160.3,6.49,1673.47,31.26
1997-07-01,925.29,15.2167,40.58,160.5,6.22,1764.84,32.77
1997-08-01,927.24,15.2733,40.61,160.8,6.3,1765.26,32.59
1997-09-01,937.02,15.33,40.64,161.2,6.21,1779.45,32.67
1997-10-01,951.16,15.3867,40.3333,161.6,6.03,1801.83,32.9
1997-11-01,938.92,15.4433,40.0267,161.5,5.88,1779.75,32.34
1997-12-01,962.37,15.5,39.72,161.3,5.81,1826.46,33.03
1998-01-01,963.36,15.55,39.66,161.6,5.54,1824.94,32.86
1998-02-01,1023.74,15.6,39.6,161.9,5.57,1935.73,34.71
1998-03-01,1076.83,15.64,39.54,162.2,5.65,2032.35,36.3
1998-04-01,1112.2,15.75,39.35,162.5,5.64,2095.23,37.28
1998-05-01,1108.42,15.85,39.16,162.8,5.65,2084.26,36.96
1998-06-01,1108.39,15.95,38.97,163.0,5.5,2081.65,36.8
1998-07-01,1156.58,16.0167,38.6767,163.2,5.46,2169.49,38.26
1998-08-01,1074.62,16.0833,38.3833,163.4,5.34,2013.28,35.42
1998-09-01,1020.64,16.14,38.09,163.6,4.81,1909.82,33.53
1998-10-01,1032.47,16.1667,37.9633,164.0,4.53,1927.24,33.77
1998-11-01,1144.43,16.1833,37.8367,164.0,4.83,2136.23,37.37
1998-12-01,1190.05,16.2,37.71,163.9,4.65,2222.74,38.82
1999-01-01,1248.77,16.28333333,37.93333333,164.3,4.72,2326.74,40.58
1999-02-01,1246.58,16.36666667,38.15666667,164.5,5.0,2319.83,40.4
1999-03-01,1281.66,16.45,38.38,165.0,5.23,2377.89,41.36
1999-04-01,1334.76,16.45,39.26,166.2,5.18,2458.52,42.7
1999-05-01,1332.07,16.45,40.14,166.2,5.54,2453.57,42.56
1999-06-01,1322.55,16.45,41.02,166.2,5.9,2436.03,42.18
1999-07-01,1380.99,16.513333333333335,42.0,166.7,5.79,2536.05,43.83
1999-08-01,1327.49,16.576666666666668,42.98,167.1,5.94,2431.96,41.93
1999-09-01,1318.17,16.64,43.96,167.9,5.92,2403.38,41.32
1999-10-01,1300.01,16.656666666666666,45.36333333333334,168.2,6.11,2366.05,40.55
1999-11-01,1391.0,16.673333333333332,46.76666666666667,168.3,6.03,2530.14,43.21
1999-12-01,1428.68,16.69,48.17,168.3,6.28,2598.68,44.2
2000-01-01,1425.59,16.713333333333335,49.09666666666667,168.8,6.66,2585.38,43.77
2000-02-01,1388.87,16.736666666666668,50.02333333333333,169.8,6.52,2503.95,42.19
2000-03-01,1442.21,16.76,50.95,171.2,6.26,2578.86,43.22
2000-04-01,1461.36,16.740000000000002,51.27333333333333,171.3,5.99,2611.57,43.53
2000-05-01,1418.48,16.72,51.59666666666667,171.5,6.44,2531.99,41.97
2000-06-01,1461.96,16.7,51.92,172.4,6.1,2595.98,42.78
2000-07-01,1473.0,16.583333333333332,52.51333333333334,172.8,6.05,2609.52,42.76
2000-08-01,1485.46,16.46666666666667,53.10666666666666,172.8,5.83,2631.6,42.87
2000-09-01,1468.05,16.35,53.7,173.7,5.8,2587.28,41.9
2000-10-01,1390.14,16.323333333333334,52.46666666666667,174.0,5.74,2445.75,39.37
2000-11-01,1378.04,16.296666666666667,51.23333333333333,174.1,5.72,2423.07,38.78
2000-12-01,1330.93,16.27,50.0,174.0,5.24,2341.58,37.27
2001-01-01,1335.63,16.169999999999998,48.48,175.1,5.16,2335.08,36.98
2001-02-01,1305.75,16.07,46.96,175.8,5.1,2273.75,35.83
2001-03-01,1185.85,15.97,45.44,176.2,4.89,2060.28,32.33
2001-04-01,1189.84,15.876666666666663,42.556666666666665,176.9,5.14,2059.03,32.17
2001-05-01,1270.37,15.783333333333331,39.67333333333333,177.7,5.39,2188.49,34.07
2001-06-01,1238.71,15.69,36.79,178.0,5.28,2130.36,33.07
2001-07-01,1204.45,15.706666666666669,33.96333333333333,177.5,5.24,2077.27,32.16
2001-08-01,1178.5,15.723333333333333,31.136666666666667,177.5,4.97,2032.51,31.4
2001-09-01,1044.64,15.74,28.31,178.3,4.73,1793.57,27.67
2001-10-01,1076.59,15.740000000000002,27.103333333333335,177.7,4.57,1854.66,28.58
2001-11-01,1129.68,15.740000000000002,25.896666666666665,177.4,4.65,1949.41,30.01
2001-12-01,1144.93,15.74,24.69,176.7,5.09,1983.56,30.5
2002-01-01,1140.21,15.736666666666668,24.69333333333333,177.1,5.04,1970.92,30.28
2002-02-01,1100.67,15.733333333333334,24.69666666666667,177.8,4.91,1895.08,29.09
2002-03-01,1153.79,15.73,24.7,178.8,5.28,1975.43,30.29
2002-04-01,1111.93,15.833333333333332,25.38,179.8,5.21,1893.17,29.01
2002-05-01,1079.25,15.936666666666667,26.06,179.8,5.16,1837.53,28.13
2002-06-01,1014.02,16.04,26.74,179.9,4.93,1725.51,26.39
2002-07-01,903.59,15.96,27.84,180.1,4.65,1535.89,23.46
2002-08-01,912.55,15.88,28.94,180.7,4.26,1545.97,23.59
2002-09-01,867.81,15.8,30.04,181.0,3.87,1467.74,22.37
2002-10-01,854.63,15.89,29.223333333333333,181.3,3.94,1443.05,21.96
2002-11-01,909.93,15.98,28.406666666666663,181.3,4.05,1536.43,23.35
2002-12-01,899.18,16.07,27.59,180.9,4.03,1521.63,23.1
2003-01-01,895.84,16.119999999999997,28.5,181.7,4.05,1509.31,22.9
2003-02-01,837.03,16.169999999999998,29.41,183.1,3.9,1399.44,21.21
2003-03-01,846.63,16.22,30.32,184.2,3.81,1407.04,21.31
2003-04-01,890.03,16.203333333333333,31.73,183.8,3.96,1482.39,22.43
2003-05-01,935.96,16.186666666666667,33.13999999999999,183.5,3.57,1561.43,23.59
2003-06-01,988.0,16.17,34.55,183.7,3.33,1646.46,24.83
2003-07-01,992.54,16.310000000000002,35.89333333333333,183.9,3.98,1652.22,24.87
2003-08-01,989.53,16.450000000000003,37.236666666666665,184.6,4.45,1640.97,24.64
2003-09-01,1019.44,16.59,38.58,185.2,4.27,1685.09,25.24
2003-10-01,1038.73,16.85666666666667,41.96666666666667,185.0,4.29,1718.83,25.68
2003-11-01,1049.9,17.123333333333335,45.35333333333333,184.5,4.3,1742.02,25.95
2003-12-01,1080.64,17.39,48.74,184.3,4.27,1794.97,26.64
2004-01-01,1132.52,17.6,49.826666666666675,185.2,4.15,1872.01,27.66
2004-02-01,1143.36,17.810000000000002,50.913333333333334,186.2,4.08,1879.77,27.65
2004-03-01,1123.98,18.02,52.0,187.4,3.83,1836.08,26.89
2004-04-01,1133.36,18.213333333333335,53.38333333333333,188.0,4.35,1845.49,26.9
2004-05-01,1102.78,18.406666666666663,54.76666666666667,189.1,4.72,1785.25,25.9
2004-06-01,1132.76,18.6,56.15,189.7,4.73,1827.99,26.4
2004-07-01,1105.85,18.78666666666667,56.69,189.4,4.5,1787.39,25.7
2004-08-01,1088.94,18.973333333333333,57.23,189.5,4.28,1759.13,25.17
2004-09-01,1117.66,19.16,57.77,189.9,4.13,1801.72,25.67
2004-10-01,1117.21,19.253333333333337,58.03,190.9,4.1,1791.56,25.41
2004-11-01,1168.94,19.346666666666668,58.29,191.0,4.19,1873.53,26.47
2004-12-01,1199.21,19.44,58.55,190.3,4.23,1929.12,27.14
2005-01-01,1181.41,19.703333333333333,59.10666666666666,190.7,4.22,1896.5,26.59
2005-02-01,1199.63,19.96666666666667,59.663333333333334,191.8,4.17,1914.7,26.74
2005-03-01,1194.9,20.23,60.22,193.3,4.5,1892.35,26.34
2005-04-01,1164.43,20.46333333333333,61.23333333333333,194.6,4.34,1831.78,25.41
2005-05-01,1178.28,20.696666666666665,62.24666666666667,194.4,4.14,1855.47,25.65
2005-06-01,1202.25,20.93,63.26,194.5,4.0,1892.25,26.07
2005-07-01,1222.24,21.11,64.33,195.4,4.18,1914.85,26.29
2005-08-01,1224.27,21.29,65.39999999999999,196.4,4.26,1908.26,26.1
2005-09-01,1225.92,21.47,66.47,198.8,4.2,1887.77,25.73
2005-10-01,1191.96,21.72,67.58999999999999,199.2,4.46,1831.79,24.88
2005-11-01,1237.37,21.97,68.71,197.6,4.54,1916.97,25.93
2005-12-01,1262.07,22.22,69.83,196.8,4.47,1963.18,26.44
2006-01-01,1278.73,22.406666666666663,70.77666666666666,198.3,4.42,1974.05,26.47
2006-02-01,1276.65,22.593333333333337,71.72333333333334,198.7,4.57,1966.87,26.25
2006-03-01,1293.74,22.78,72.67,199.8,4.72,1982.23,26.33
2006-04-01,1302.17,23.0,73.27666666666666,201.5,4.99,1978.31,26.15
2006-05-01,1290.01,23.22,73.88333333333333,202.5,5.11,1950.16,25.65
2006-06-01,1253.17,23.44,74.49,202.9,5.11,1890.73,24.75
2006-07-01,1260.24,23.66,75.85,203.5,5.09,1895.79,24.7
2006-08-01,1287.15,23.88,77.21,203.9,4.88,1932.48,25.05
2006-09-01,1317.74,24.1,78.57,202.9,4.72,1988.15,25.64
2006-10-01,1363.38,24.36,79.55,201.8,4.73,2068.23,26.54
2006-11-01,1388.64,24.619999999999997,80.53,201.5,4.6,2109.68,26.93
2006-12-01,1416.42,24.88,81.51,201.8,4.56,2148.69,27.28
2007-01-01,1424.16,25.083333333333332,82.05666666666667,202.42,4.76,2153.85,27.21
2007-02-01,1444.8,25.286666666666665,82.60333333333334,203.5,4.72,2173.44,27.32
2007-03-01,1406.95,25.49,83.15,205.35,4.56,2097.4,26.23
2007-04-01,1463.64,25.71666666666667,83.74000000000001,206.69,4.69,2167.83,26.98
2007-05-01,1511.14,25.943333333333335,84.33000000000001,207.95,4.75,2224.59,27.55
2007-06-01,1514.19,26.17,84.92,208.35,5.1,2224.77,27.42
2007-07-01,1520.71,26.440000000000005,82.81333333333333,208.3,5.0,2234.92,27.41
2007-08-01,1454.62,26.71,80.70666666666666,207.92,4.67,2141.72,26.15
2007-09-01,1497.12,26.98,78.6,208.49,4.52,2198.23,26.73
2007-10-01,1539.66,27.230000000000004,74.46000000000001,208.94,4.53,2255.87,27.32
2007-11-01,1463.39,27.480000000000004,70.32000000000001,210.18,4.15,2131.46,25.73
2007-12-01,1479.22,27.73,66.18,210.04,4.1,2155.96,25.96
2008-01-01,1378.76,27.92,64.25,211.08,3.74,1999.6,24.02
2008-02-01,1354.87,28.11,62.32,211.69,3.74,1959.27,23.5
2008-03-01,1316.94,28.3,60.39,213.53,3.51,1888.05,22.61
2008-04-01,1370.47,28.436666666666667,57.383333333333326,214.82,3.68,1952.95,23.36
2008-05-01,1403.22,28.573333333333338,54.376666666666665,216.63,3.88,1982.92,23.7
2008-06-01,1341.25,28.71,51.37,218.81,4.1,1876.44,22.42
2008-07-01,1257.33,28.756666666666668,49.56333333333333,219.96,4.01,1749.85,20.91
2008-08-01,1281.47,28.803333333333335,47.75666666666667,219.09,3.89,1790.59,21.4
2008-09-01,1216.95,28.85,45.95,218.78,3.69,1702.79,20.36
2008-10-01,968.8,28.696666666666665,35.593333333333334,216.57,3.81,1369.41,16.39
2008-11-01,883.04,28.543333333333333,25.236666666666668,212.43,3.53,1272.56,15.26
2008-12-01,877.56,28.39,14.88,210.23,2.42,1277.88,15.38
2009-01-01,865.58,28.013333333333335,12.206666666666669,211.14,2.52,1254.97,15.17
2009-02-01,805.23,27.63666666666667,9.533333333333331,212.19,2.87,1161.69,14.12
2009-03-01,757.13,27.26,6.86,212.71,2.82,1089.65,13.32
2009-04-01,848.15,26.703333333333333,7.076666666666666,213.24,2.93,1217.6,14.98
2009-05-01,902.41,26.14666666666667,7.293333333333333,213.86,3.29,1291.77,16.0
2009-06-01,926.12,25.59,7.51,215.69,3.72,1314.42,16.38
2009-07-01,935.82,25.026666666666664,9.186666666666667,215.35,3.56,1330.29,16.69
2009-08-01,1009.73,24.46333333333333,10.863333333333332,215.83,3.59,1432.15,18.09
2009-09-01,1044.55,23.9,12.54,215.97,3.4,1480.61,18.83
2009-10-01,1067.66,23.403333333333332,25.35,216.18,3.39,1511.91,19.36
2009-11-01,1088.07,22.906666666666663,38.16,216.33,3.4,1539.72,19.81
2009-12-01,1110.38,22.41,50.97,215.95,3.59,1574.07,20.32
2010-01-01,1123.58,22.24,54.28999999999999,216.69,3.73,1587.35,20.53
2010-02-01,1089.16,22.07,57.61,216.74,3.69,1538.34,19.92
2010-03-01,1152.05,21.9,60.93,217.63,3.73,1620.51,21.0
2010-04-01,1197.32,21.946666666666665,62.986666666666665,218.01,3.85,1681.27,21.8
2010-05-01,1125.06,21.993333333333332,65.04333333333332,218.18,3.42,1578.58,20.48
2010-06-01,1083.36,22.04,67.1,217.97,3.2,1521.56,19.74
2010-07-01,1079.8,22.143333333333334,68.68666666666667,218.01,3.01,1516.24,19.67
2010-08-01,1087.28,22.246666666666663,70.27333333333333,218.31,2.7,1524.64,19.77
2010-09-01,1122.08,22.35,71.86,218.44,2.65,1572.52,20.38
2010-10-01,1171.58,22.476666666666667,73.69,218.71,2.54,1639.85,21.24
2010-11-01,1198.89,22.603333333333335,75.52,218.8,2.76,1677.37,21.7
2010-12-01,1241.53,22.73,77.35,219.18,3.29,1734.05,22.4
2011-01-01,1282.62,22.963333333333335,78.67,220.22,3.39,1782.94,22.98
2011-02-01,1321.12,23.196666666666665,79.99000000000001,221.31,3.58,1827.45,23.49
2011-03-01,1304.49,23.43,81.31,223.47,3.41,1787.02,22.9
2011-04-01,1331.51,23.733333333333334,82.16333333333334,224.91,3.46,1812.37,23.14
2011-05-01,1338.31,24.036666666666665,83.01666666666667,225.96,3.17,1813.09,23.06
2011-06-01,1287.29,24.34,83.87,225.72,3.0,1745.84,22.1
2011-07-01,1325.19,24.619999999999997,84.90666666666667,225.92,3.0,1795.65,22.61
2011-08-01,1185.31,24.9,85.94333333333334,226.54,2.3,1601.69,20.05
2011-09-01,1173.88,25.18,86.98,226.89,1.98,1583.84,19.7
2011-10-01,1207.22,25.596666666666664,86.97,226.42,2.15,1632.2,20.16
2011-11-01,1226.42,26.013333333333335,86.96000000000001,226.23,2.01,1659.55,20.35
2011-12-01,1243.32,26.43,86.95,225.67,1.98,1686.58,20.52
2012-01-01,1300.58,26.736666666666668,87.48,226.66,1.97,1756.53,21.21
2012-02-01,1352.49,27.043333333333337,88.01,227.66,1.97,1818.63,21.8
2012-03-01,1389.24,27.35,88.54,229.39,2.17,1853.96,22.05
2012-04-01,1386.43,27.673333333333332,88.33333333333334,230.09,2.05,1844.64,21.78
2012-05-01,1341.27,27.996666666666663,88.12666666666667,229.81,1.8,1786.65,20.94
2012-06-01,1323.48,28.32,87.92,229.48,1.62,1765.54,20.55
2012-07-01,1359.78,28.743333333333332,87.44666666666667,229.1,1.53,1816.93,21.0
2012-08-01,1403.45,29.166666666666664,86.97333333333333,230.38,1.68,1864.9,21.41
2012-09-01,1443.42,29.59,86.5,231.41,1.72,1909.5,21.78
2012-10-01,1437.82,30.14333333333333,86.50333333333333,231.32,1.75,1902.83,21.58
2012-11-01,1394.51,30.696666666666665,86.50666666666667,230.22,1.65,1854.3,20.9
2012-12-01,1422.29,31.25,86.51,229.6,1.72,1896.34,21.24
2013-01-01,1480.4,31.536666666666665,86.90666666666667,230.28,1.91,1968.0,21.9
2013-02-01,1512.31,31.82333333333333,87.30333333333334,232.17,1.98,1994.09,22.05
2013-03-01,1550.83,32.11,87.7,232.77,1.96,2039.55,22.42
2013-04-01,1570.7,32.49666666666667,88.78333333333333,232.53,1.76,2067.83,22.6
2013-05-01,1639.84,32.88333333333334,89.86666666666667,232.94,1.93,2155.02,23.41
2013-06-01,1618.77,33.27,90.95,233.5,2.3,2122.23,22.93
2013-07-01,1668.68,33.64666666666667,92.09,233.6,2.58,2186.8,23.49
2013-08-01,1670.09,34.02333333333333,93.23,233.88,2.74,2186.02,23.36
2013-09-01,1687.17,34.4,94.37,234.15,2.81,2205.81,23.44
2013-10-01,1720.03,34.596666666666664,96.31333333333332,233.55,2.62,2254.58,23.83
2013-11-01,1783.54,34.79333333333334,98.25666666666666,233.07,2.72,2342.61,24.64
2013-12-01,1807.78,34.99,100.2,233.05,2.9,2374.66,24.86
2014-01-01,1822.36,35.403333333333336,100.41666666666666,233.92,2.86,2384.94,24.86
2014-02-01,1817.04,35.81666666666666,100.63333333333333,234.78,2.71,2369.21,24.59
2014-03-01,1863.52,36.23,100.85,236.29,2.72,2414.27,24.96
2014-04-01,1864.26,36.61333333333333,101.60666666666668,237.07,2.71,2407.29,24.79
2014-05-01,1889.77,36.99666666666667,102.36333333333334,237.9,2.56,2431.74,24.94
2014-06-01,1947.09,37.38,103.12,238.34,2.6,2500.84,25.56
2014-07-01,1973.1,37.75,104.06666666666666,238.25,2.54,2535.24,25.82
2014-08-01,1961.53,38.120000000000005,105.01333333333334,237.85,2.42,2524.59,25.62
2014-09-01,1993.23,38.49,105.96,238.03,2.53,2563.46,25.92
2014-10-01,1937.27,38.806666666666665,104.74333333333334,237.43,2.3,2497.76,25.16
2014-11-01,2044.57,39.123333333333335,103.52666666666669,236.15,2.33,2650.42,26.61
2014-12-01,2054.27,39.44,102.31,234.81,2.21,2678.18,26.79
2015-01-01,2028.18,39.89666666666667,101.29,233.71,1.88,2656.67,26.49
2015-02-01,2082.2,40.35333333333333,100.27,234.72,1.98,2715.63,27.0
2015-03-01,2079.99,40.81,99.25,236.12,2.04,2696.7,26.73
2015-04-01,2094.86,41.120000000000005,97.80333333333334,236.6,1.94,2710.47,26.79
2015-05-01,2111.94,41.43,96.35666666666668,237.81,2.2,2718.71,26.81
2015-06-01,2099.29,41.74,94.91,238.64,2.36,2692.99,26.5
2015-07-01,2094.14,41.99666666666667,93.49333333333334,238.65,2.32,2686.21,26.38
2015-08-01,2039.87,42.25333333333333,92.07666666666668,238.32,2.17,2620.3,25.69
2015-09-01,1944.41,42.51,90.66,237.94,2.17,2501.58,24.5
2015-10-01,2024.81,42.803333333333335,89.28333333333333,237.84,2.07,2606.19,25.49
2015-11-01,2080.62,43.096666666666664,87.90666666666667,237.34,2.26,2683.68,26.23
2015-12-01,2054.08,43.39,86.53,236.53,2.24,2658.54,25.97
2016-01-01,1918.6,43.553333333333335,86.5,236.92,2.09,2479.09,24.21
2016-02-01,1904.42,43.71666666666667,86.47,237.11,1.78,2458.74,24.0
2016-03-01,2021.95,43.88,86.44,238.13,1.89,2599.29,25.37
2016-04-01,2075.54,44.07333333333334,86.6,239.26,1.81,2655.59,25.92
2016-05-01,2065.55,44.266666666666666,86.75999999999999,240.23,1.81,2632.16,25.69
2016-06-01,2083.89,44.46,86.92,241.02,1.64,2646.84,25.84
2016-07-01,2148.9,44.65,87.64333333333333,240.63,1.5,2733.84,26.69
2016-08-01,2170.95,44.84,88.36666666666667,240.85,1.56,2759.35,26.95
2016-09-01,2157.69,45.03,89.09,241.43,1.63,2735.92,26.73
2016-10-01,2143.02,45.25333333333333,90.91,241.73,1.76,2713.94,26.53
2016-11-01,2164.99,45.47666666666667,92.73,241.35,2.14,2746.03,26.85
2016-12-01,2246.63,45.7,94.55,241.43,2.49,2848.65,27.87
2017-01-01,2275.12,45.92666666666667,96.46333333333334,242.84,2.43,2868.06,28.06
2017-02-01,2329.91,46.153333333333336,98.37666666666668,243.6,2.42,2927.92,28.66
2017-03-01,2366.82,46.38,100.29,243.8,2.48,2971.89,29.09
2017-04-01,2359.31,46.66,101.53333333333332,244.52,2.3,2953.7,28.9
2017-05-01,2395.35,46.94,102.77666666666669,244.73,2.3,2996.26,29.31
2017-06-01,2433.99,47.22,104.02,244.96,2.19,3041.83,29.75
2017-07-01,2454.1,47.53666666666667,105.04,244.79,2.32,3069.08,30.0
2017-08-01,2456.22,47.85333333333334,106.06,245.52,2.21,3062.56,29.91
2017-09-01,2492.84,48.17,107.08,246.82,2.2,3091.85,30.17
2017-10-01,2557.0,48.42333333333333,108.01333333333334,246.66,2.36,3173.43,30.92
2017-11-01,2593.61,48.67666666666666,108.94666666666666,246.67,2.35,3218.79,31.3
2017-12-01,2664.34,48.93,109.88,246.52,2.4,3308.51,32.09
2018-01-01,2789.8,49.28666666666666,111.73333333333332,247.87,2.58,3445.54,33.31
2018-02-01,2705.16,49.64333333333333,113.58666666666666,248.99,2.86,3325.92,32.04
2018-03-01,2702.77,50.0,115.44,249.55,2.84,3315.48,31.81
2018-04-01,2653.63,50.33,117.78666666666666,250.55,2.87,3242.32,30.97
2018-05-01,2701.49,50.66,120.13333333333333,251.59,2.98,3287.12,31.24
2018-06-01,2754.35,50.99,122.48,251.99,2.91,3346.11,31.63
2018-07-01,2793.64,51.44,125.11666666666667,252.01,2.89,3393.61,31.89
2018-08-01,2857.82,51.89,127.75333333333332,252.15,2.89,3469.65,32.39
2018-09-01,2901.5,52.34,130.39,252.44,3.0,3518.59,32.62
2018-10-01,2785.46,52.81,131.05666666666667,252.88,3.15,3371.91,31.04
2018-11-01,2723.23,53.28,131.72333333333333,252.04,3.12,3307.66,30.2
2018-12-01,2567.31,53.75,132.39,251.23,2.83,3128.27,28.29
2019-01-01,2607.39,54.14666666666667,133.05666666666664,251.71,2.71,3171.06,28.38
2019-02-01,2754.86,54.54333333333334,133.7233333333333,252.78,2.68,3336.31,29.54
2019-03-01,2803.98,54.94,134.39,254.2,2.57,3376.75,29.58
2019-04-01,2903.8,55.319091580592705,134.68333333333334,255.55,2.53,3478.54,30.13
2019-05-01,2854.71,55.69818316118541,134.97666666666666,256.09,2.4,3412.47,29.24
2019-06-01,2890.17,56.07727474177812,135.27,256.14,2.06,3454.17,29.28
2019-07-01,2996.1136363636365,56.45818316118542,134.48000000000002,256.57,1.63,3574.81,29.99
2019-08-01,2897.498181818182,56.83909158059271,133.69,256.56,1.63,3457.32,28.71
2019-09-01,2982.156,57.22,132.9,256.76,1.7,3555.55,29.23
2019-10-01,2977.68,57.56,135.09,257.35,1.71,3542.12,28.84
2019-11-01,3104.9044999999996,57.900000000000006,137.28,257.21,1.81,3695.44,29.84
2019-12-01,3176.7495238095235,58.24,139.47,256.97,1.86,3784.39,30.33
2020-01-01,3278.2028571428577,58.686867862126704,131.75666666666666,257.97,1.76,3890.16,30.99
2020-02-01,3277.3142105263164,59.13373572425341,124.04333333333332,258.68,1.5,3878.47,30.73
2020-03-01,2652.3936363636367,59.58060358638012,116.33,258.12,0.87,3145.77,24.82
2020-04-01,2761.975238095238,59.61373572425342,110.63,256.39,0.66,3297.79,25.93
2020-05-01,2919.615,59.64686786212671,104.93,256.39,0.67,3485.94,27.33
2020-06-01,3104.6609090909087,59.68,99.23,257.8,0.73,3686.71,28.84
2020-07-01,3207.6190909090906,59.403333333333336,98.89333333333336,259.1,0.62,3789.8,29.6
2020-08-01,3391.71,59.126666666666665,98.55666666666669,259.92,0.65,3994.7,31.16
2020-09-01,3365.5166666666664,58.85,98.22,260.28,0.68,3958.34,30.84
2020-10-01,3418.701363636364,58.659615378670054,96.85666666666668,260.39,0.79,4019.23,31.28
2020-11-01,3548.992500000001,58.469230757340114,95.49333333333334,260.23,0.87,4174.95,32.47
2020-12-01,3695.309999999999,58.27884613601017,94.13,260.47,0.93,4342.99,33.77
2021-01-01,3793.748421052632,58.06369311230766,105.48666666666664,261.58,1.08,4439.8,34.51
2021-02-01,3883.4321052631576,57.84854008860516,116.84333333333332,263.01,1.26,4520.01,35.1
2021-03-01,3910.5082608695648,57.63338706490265,128.2,264.88,1.61,4519.51,35.04
2021-04-01,4141.176190476191,57.71060542140715,138.38666666666666,267.05,1.64,4747.08,36.72
2021-05-01,4167.849500000001,57.787823777911655,148.57333333333332,269.19,1.62,4739.66,36.55
2021-06-01,4238.489545454546,57.86504213441615,158.76,271.7,1.52,4775.62,36.7
2021-07-01,4363.7128571428575,58.32818900579217,164.31666666666666,273.0,1.32,4893.18,37.44
2021-08-01,4454.206363636363,58.79133587716819,169.8733333333333,273.57,1.28,4984.36,37.97
2021-09-01,4445.543333333333,59.254482748544206,175.43,274.31,1.37,4961.19,37.62
2021-10-01,4460.707142857143,59.63536092649366,182.91,276.59,1.58,4937.09,37.25
2021-11-01,4667.386666666667,60.01623910444312,190.39,277.95,1.56,5140.59,38.58
2021-12-01,4674.772727272726,60.397117282392585,197.87,278.8,1.47,5132.95,38.3
2022-01-01,4573.8155,60.921402962953294,197.88333333333333,281.15,1.76,4980.19,36.94
2022-02-01,4435.980526315789,61.44568864351402,197.89666666666665,283.72,1.93,4786.39,35.29
2022-03-01,4391.265217391306,61.969974324074734,197.91,287.5,2.13,4675.72,34.27
2022-04-01,4391.295999999999,62.65331621604982,196.02666666666664,289.11,2.75,4649.79,33.89
2022-05-01,4040.36,63.336658108024906,194.14333333333332,292.3,2.9,4231.55,30.67
2022-06-01,3898.946666666667,64.02,192.26,296.31,3.14,4028.12,29.05
2022-07-01,3911.729499999999,64.4527684478357,190.58333333333331,296.28,2.9,4041.8,29.0
2022-08-01,4158.5630434782615,64.8855368956714,188.90666666666664,296.17,2.9,4298.36,30.7
2022-09-01,3850.520476190475,65.31830534350709,187.23,296.81,3.52,3971.42,28.23
2022-10-01,3726.050952380952,65.85220356233806,182.40333333333336,298.01,3.98,3827.52,27.08
2022-11-01,3917.488571428571,66.38610178116903,177.57666666666665,297.71,3.89,4028.24,28.38
2022-12-01,3912.380952380953,66.92,172.75,296.8,3.62,4035.38,28.32
2023-01-01,3960.6565,67.35,173.55666666666667,299.17,3.53,4052.77,28.33
2023-02-01,4079.684736842105,67.78,174.36333333333332,300.84,3.75,4151.39,28.92
2023-03-01,3968.559130434782,68.21,175.17,301.67,3.66,4027.13,27.95
2023-04-01,4121.467368421053,68.37666666666667,177.17,303.36,3.46,4159.03,28.76
2023-05-01,4146.1731818181825,68.54333333333332,179.17,304.13,3.57,4173.45,28.76
2023-06-01,4345.372857142857,68.71,181.17,305.11,3.75,4359.88,29.94
2023-07-01,4508.075500000001,0.0,0.0,305.69,3.9,4514.51,30.89
2023-08-01,4457.358695652174,0.0,0.0,305.98,4.17,4459.48,30.47
2023-09-01,4515.77,0.0,0.0,306.13,4.09,4515.77,30.81
